<?xml version="1.0" encoding="UTF-8"?>
<faces-config
    xmlns="http://xmlns.jcp.org/xml/ns/javaee"
    xmlns:xsi="http://www.w3.org/2001/XMLSchema-instance"
    xsi:schemaLocation="http://xmlns.jcp.org/xml/ns/javaee http://xmlns.jcp.org/xml/ns/javaee/web-facesconfig_2_2.xsd"
    version="2.2">

  <navigation-rule>
	     <from-view-id>/index.xhtml</from-view-id>
	   <navigation-case>
		     <from-outcome>allflights</from-outcome>
		     <to-view-id>/flights.xhtml</to-view-id>     
	     </navigation-case>    
       </navigation-rule>
       
       
       <navigation-rule>
	     <from-view-id>/index.xhtml</from-view-id>
	   <navigation-case>
		     <from-outcome>filterFlights</from-outcome>
		     <to-view-id>/filterflight.xhtml</to-view-id>     
	     </navigation-case>    
       </navigation-rule>
       
       <navigation-rule>
	     <from-view-id>/filterflight.xhtml</from-view-id>
	   <navigation-case>
		     <from-outcome>filterByDeparture</from-outcome>
		     <to-view-id>/filterDepart.xhtml</to-view-id>     
	     </navigation-case>    
       </navigation-rule>   
       
       <navigation-rule>
	     <from-view-id>/filterDepart.xhtml</from-view-id>
	   <navigation-case>
		     <from-outcome>filter</from-outcome>
		     <to-view-id>/display.xhtml</to-view-id>     
	     </navigation-case>    
       </navigation-rule>


</faces-config>
